-- MySQL dump 10.13  Distrib 8.0.41, for Win64 (x86_64)
--
-- Host: 127.0.0.1    Database: littlelemondb
-- ------------------------------------------------------
-- Server version	9.2.0

/*!40101 SET @OLD_CHARACTER_SET_CLIENT=@@CHARACTER_SET_CLIENT */;
/*!40101 SET @OLD_CHARACTER_SET_RESULTS=@@CHARACTER_SET_RESULTS */;
/*!40101 SET @OLD_COLLATION_CONNECTION=@@COLLATION_CONNECTION */;
/*!50503 SET NAMES utf8 */;
/*!40103 SET @OLD_TIME_ZONE=@@TIME_ZONE */;
/*!40103 SET TIME_ZONE='+00:00' */;
/*!40014 SET @OLD_UNIQUE_CHECKS=@@UNIQUE_CHECKS, UNIQUE_CHECKS=0 */;
/*!40014 SET @OLD_FOREIGN_KEY_CHECKS=@@FOREIGN_KEY_CHECKS, FOREIGN_KEY_CHECKS=0 */;
/*!40101 SET @OLD_SQL_MODE=@@SQL_MODE, SQL_MODE='NO_AUTO_VALUE_ON_ZERO' */;
/*!40111 SET @OLD_SQL_NOTES=@@SQL_NOTES, SQL_NOTES=0 */;

--
-- Table structure for table `bookings`
--

DROP TABLE IF EXISTS `bookings`;
/*!40101 SET @saved_cs_client     = @@character_set_client */;
/*!50503 SET character_set_client = utf8mb4 */;
CREATE TABLE `bookings` (
  `BookingID` int NOT NULL,
  `BDate` date NOT NULL,
  `TableNo` int NOT NULL,
  `CustomerID` int NOT NULL,
  `StaffID` int NOT NULL,
  `RDate` date DEFAULT NULL,
  PRIMARY KEY (`BookingID`),
  UNIQUE KEY `TableNo_UNIQUE` (`TableNo`),
  KEY `customer_id_fk_idx` (`CustomerID`),
  KEY `staff_id_fk_idx` (`StaffID`),
  CONSTRAINT `customer_id_fk` FOREIGN KEY (`CustomerID`) REFERENCES `customers` (`CustomerID`) ON DELETE CASCADE ON UPDATE CASCADE,
  CONSTRAINT `staff_id_fk` FOREIGN KEY (`StaffID`) REFERENCES `staff` (`StaffID`) ON DELETE CASCADE ON UPDATE CASCADE
) ENGINE=InnoDB DEFAULT CHARSET=utf8mb3;
/*!40101 SET character_set_client = @saved_cs_client */;

--
-- Dumping data for table `bookings`
--

LOCK TABLES `bookings` WRITE;
/*!40000 ALTER TABLE `bookings` DISABLE KEYS */;
/*!40000 ALTER TABLE `bookings` ENABLE KEYS */;
UNLOCK TABLES;

--
-- Table structure for table `customers`
--

DROP TABLE IF EXISTS `customers`;
/*!40101 SET @saved_cs_client     = @@character_set_client */;
/*!50503 SET character_set_client = utf8mb4 */;
CREATE TABLE `customers` (
  `CustomerID` int NOT NULL,
  `Name` varchar(255) NOT NULL,
  `CustomerPhone` int NOT NULL,
  `Email` varchar(255) NOT NULL,
  `Address` varchar(400) DEFAULT NULL,
  PRIMARY KEY (`CustomerID`),
  UNIQUE KEY `CustomerPhone_UNIQUE` (`CustomerPhone`),
  UNIQUE KEY `CustomerEmail_UNIQUE` (`Email`)
) ENGINE=InnoDB DEFAULT CHARSET=utf8mb3;
/*!40101 SET character_set_client = @saved_cs_client */;

--
-- Dumping data for table `customers`
--

LOCK TABLES `customers` WRITE;
/*!40000 ALTER TABLE `customers` DISABLE KEYS */;
INSERT INTO `customers` VALUES (1,'Kein',35435,'kein@gmail.com','1 Toronto'),(2,'Many',3636,'many@gmail.com','2 Toronto'),(3,'Keith',46309,'keith@gmail.com','3 Toronto');
/*!40000 ALTER TABLE `customers` ENABLE KEYS */;
UNLOCK TABLES;

--
-- Table structure for table `deliverydetails`
--

DROP TABLE IF EXISTS `deliverydetails`;
/*!40101 SET @saved_cs_client     = @@character_set_client */;
/*!50503 SET character_set_client = utf8mb4 */;
CREATE TABLE `deliverydetails` (
  `DeliveryID` int NOT NULL,
  `StatusID` int NOT NULL,
  `OrderID` int NOT NULL,
  `DeliveryDate` datetime NOT NULL,
  PRIMARY KEY (`DeliveryID`),
  KEY `status_id_fk_idx` (`StatusID`),
  KEY `orderid_fk_idx` (`OrderID`),
  CONSTRAINT `orderid_fk` FOREIGN KEY (`OrderID`) REFERENCES `orders` (`OrderID`),
  CONSTRAINT `status_id_fk` FOREIGN KEY (`StatusID`) REFERENCES `deliverystatus` (`StatusID`) ON DELETE CASCADE ON UPDATE CASCADE
) ENGINE=InnoDB DEFAULT CHARSET=utf8mb3;
/*!40101 SET character_set_client = @saved_cs_client */;

--
-- Dumping data for table `deliverydetails`
--

LOCK TABLES `deliverydetails` WRITE;
/*!40000 ALTER TABLE `deliverydetails` DISABLE KEYS */;
/*!40000 ALTER TABLE `deliverydetails` ENABLE KEYS */;
UNLOCK TABLES;

--
-- Table structure for table `deliverystatus`
--

DROP TABLE IF EXISTS `deliverystatus`;
/*!40101 SET @saved_cs_client     = @@character_set_client */;
/*!50503 SET character_set_client = utf8mb4 */;
CREATE TABLE `deliverystatus` (
  `StatusID` int NOT NULL,
  `StatusName` varchar(255) NOT NULL,
  PRIMARY KEY (`StatusID`)
) ENGINE=InnoDB DEFAULT CHARSET=utf8mb3;
/*!40101 SET character_set_client = @saved_cs_client */;

--
-- Dumping data for table `deliverystatus`
--

LOCK TABLES `deliverystatus` WRITE;
/*!40000 ALTER TABLE `deliverystatus` DISABLE KEYS */;
/*!40000 ALTER TABLE `deliverystatus` ENABLE KEYS */;
UNLOCK TABLES;

--
-- Table structure for table `menuitems`
--

DROP TABLE IF EXISTS `menuitems`;
/*!40101 SET @saved_cs_client     = @@character_set_client */;
/*!50503 SET character_set_client = utf8mb4 */;
CREATE TABLE `menuitems` (
  `MenuItemID` int NOT NULL,
  `CourseName` varchar(45) NOT NULL,
  `StarterName` varchar(45) NOT NULL,
  `DesertName` varchar(45) NOT NULL,
  PRIMARY KEY (`MenuItemID`)
) ENGINE=InnoDB DEFAULT CHARSET=utf8mb3;
/*!40101 SET character_set_client = @saved_cs_client */;

--
-- Dumping data for table `menuitems`
--

LOCK TABLES `menuitems` WRITE;
/*!40000 ALTER TABLE `menuitems` DISABLE KEYS */;
INSERT INTO `menuitems` VALUES (1,'Harvest Table','Small Plate','Sugar Bliss'),(2,'Heart of Meal','Little Flavors','Velvet Cravings'),(3,'Main Affair','Kickoff Kitchen','Golden Crust'),(4,'Chef craft','Taste Prelude','Berry Temptation');
/*!40000 ALTER TABLE `menuitems` ENABLE KEYS */;
UNLOCK TABLES;

--
-- Table structure for table `menus`
--

DROP TABLE IF EXISTS `menus`;
/*!40101 SET @saved_cs_client     = @@character_set_client */;
/*!50503 SET character_set_client = utf8mb4 */;
CREATE TABLE `menus` (
  `MenuID` int NOT NULL,
  `MenuName` varchar(255) NOT NULL,
  `MenuItemID` int NOT NULL,
  `Cuisine` varchar(45) NOT NULL,
  PRIMARY KEY (`MenuID`),
  KEY `menu_item_id_fk_idx` (`MenuItemID`),
  CONSTRAINT `menu_item_id_fk` FOREIGN KEY (`MenuItemID`) REFERENCES `menuitems` (`MenuItemID`)
) ENGINE=InnoDB DEFAULT CHARSET=utf8mb3;
/*!40101 SET character_set_client = @saved_cs_client */;

--
-- Dumping data for table `menus`
--

LOCK TABLES `menus` WRITE;
/*!40000 ALTER TABLE `menus` DISABLE KEYS */;
INSERT INTO `menus` VALUES (1,'The chef table',1,'Italian'),(2,'Savor & Sip',2,'Chinese'),(3,'From Farm to Fork',1,'Italian'),(4,'Seasons of Flavor',2,'Indian');
/*!40000 ALTER TABLE `menus` ENABLE KEYS */;
UNLOCK TABLES;

--
-- Table structure for table `orders`
--

DROP TABLE IF EXISTS `orders`;
/*!40101 SET @saved_cs_client     = @@character_set_client */;
/*!50503 SET character_set_client = utf8mb4 */;
CREATE TABLE `orders` (
  `OrderID` int NOT NULL,
  `OrderDate` date NOT NULL,
  `TotalCost` decimal(10,0) NOT NULL,
  `CustomerID` int NOT NULL,
  `Quantity` int NOT NULL,
  `MenuID` int NOT NULL,
  PRIMARY KEY (`OrderID`),
  KEY `menu_id_fk_idx` (`MenuID`),
  KEY `customer_id_fk_idx` (`CustomerID`),
  CONSTRAINT `menu_id_fk` FOREIGN KEY (`MenuID`) REFERENCES `menus` (`MenuID`),
  CONSTRAINT `ocustomer_id_fk` FOREIGN KEY (`CustomerID`) REFERENCES `customers` (`CustomerID`)
) ENGINE=InnoDB DEFAULT CHARSET=utf8mb3;
/*!40101 SET character_set_client = @saved_cs_client */;

--
-- Dumping data for table `orders`
--

LOCK TABLES `orders` WRITE;
/*!40000 ALTER TABLE `orders` DISABLE KEYS */;
INSERT INTO `orders` VALUES (1,'2000-01-01',100,1,2,1),(2,'2000-01-02',120,2,3,2),(3,'2000-02-02',160,3,4,1);
/*!40000 ALTER TABLE `orders` ENABLE KEYS */;
UNLOCK TABLES;

--
-- Temporary view structure for view `ordersview`
--

DROP TABLE IF EXISTS `ordersview`;
/*!50001 DROP VIEW IF EXISTS `ordersview`*/;
SET @saved_cs_client     = @@character_set_client;
/*!50503 SET character_set_client = utf8mb4 */;
/*!50001 CREATE VIEW `ordersview` AS SELECT 
 1 AS `OrderID`,
 1 AS `OrderDate`,
 1 AS `TotalCost`,
 1 AS `CustomerID`,
 1 AS `Quantity`,
 1 AS `MenuID`*/;
SET character_set_client = @saved_cs_client;

--
-- Table structure for table `staff`
--

DROP TABLE IF EXISTS `staff`;
/*!40101 SET @saved_cs_client     = @@character_set_client */;
/*!50503 SET character_set_client = utf8mb4 */;
CREATE TABLE `staff` (
  `StaffID` int NOT NULL,
  `Name` varchar(255) NOT NULL,
  `Role` varchar(45) NOT NULL,
  `Salary` int NOT NULL,
  `Phone` char(20) DEFAULT NULL,
  `Email` varchar(255) DEFAULT NULL,
  `Address` varchar(400) DEFAULT NULL,
  PRIMARY KEY (`StaffID`)
) ENGINE=InnoDB DEFAULT CHARSET=utf8mb3;
/*!40101 SET character_set_client = @saved_cs_client */;

--
-- Dumping data for table `staff`
--

LOCK TABLES `staff` WRITE;
/*!40000 ALTER TABLE `staff` DISABLE KEYS */;
/*!40000 ALTER TABLE `staff` ENABLE KEYS */;
UNLOCK TABLES;

--
-- Temporary view structure for view `summaryorder`
--

DROP TABLE IF EXISTS `summaryorder`;
/*!50001 DROP VIEW IF EXISTS `summaryorder`*/;
SET @saved_cs_client     = @@character_set_client;
/*!50503 SET character_set_client = utf8mb4 */;
/*!50001 CREATE VIEW `summaryorder` AS SELECT 
 1 AS `customerID`,
 1 AS `Name`,
 1 AS `orderID`,
 1 AS `totalcost`,
 1 AS `menuname`,
 1 AS `coursename`*/;
SET character_set_client = @saved_cs_client;

--
-- Final view structure for view `ordersview`
--

/*!50001 DROP VIEW IF EXISTS `ordersview`*/;
/*!50001 SET @saved_cs_client          = @@character_set_client */;
/*!50001 SET @saved_cs_results         = @@character_set_results */;
/*!50001 SET @saved_col_connection     = @@collation_connection */;
/*!50001 SET character_set_client      = utf8mb4 */;
/*!50001 SET character_set_results     = utf8mb4 */;
/*!50001 SET collation_connection      = utf8mb4_0900_ai_ci */;
/*!50001 CREATE ALGORITHM=UNDEFINED */
/*!50013 DEFINER=`admin`@`%` SQL SECURITY DEFINER */
/*!50001 VIEW `ordersview` AS select `orders`.`OrderID` AS `OrderID`,`orders`.`OrderDate` AS `OrderDate`,`orders`.`TotalCost` AS `TotalCost`,`orders`.`CustomerID` AS `CustomerID`,`orders`.`Quantity` AS `Quantity`,`orders`.`MenuID` AS `MenuID` from `orders` */;
/*!50001 SET character_set_client      = @saved_cs_client */;
/*!50001 SET character_set_results     = @saved_cs_results */;
/*!50001 SET collation_connection      = @saved_col_connection */;

--
-- Final view structure for view `summaryorder`
--

/*!50001 DROP VIEW IF EXISTS `summaryorder`*/;
/*!50001 SET @saved_cs_client          = @@character_set_client */;
/*!50001 SET @saved_cs_results         = @@character_set_results */;
/*!50001 SET @saved_col_connection     = @@collation_connection */;
/*!50001 SET character_set_client      = utf8mb4 */;
/*!50001 SET character_set_results     = utf8mb4 */;
/*!50001 SET collation_connection      = utf8mb4_0900_ai_ci */;
/*!50001 CREATE ALGORITHM=UNDEFINED */
/*!50013 DEFINER=`admin`@`%` SQL SECURITY DEFINER */
/*!50001 VIEW `summaryorder` AS select `customers`.`CustomerID` AS `customerID`,`customers`.`Name` AS `Name`,`orders`.`OrderID` AS `orderID`,`orders`.`TotalCost` AS `totalcost`,`menus`.`MenuName` AS `menuname`,`menuitems`.`CourseName` AS `coursename` from (((`customers` join `orders` on((`customers`.`CustomerID` = `orders`.`CustomerID`))) join `menus` on((`orders`.`MenuID` = `menus`.`MenuID`))) join `menuitems` on((`menus`.`MenuItemID` = `menuitems`.`MenuItemID`))) */;
/*!50001 SET character_set_client      = @saved_cs_client */;
/*!50001 SET character_set_results     = @saved_cs_results */;
/*!50001 SET collation_connection      = @saved_col_connection */;
/*!40103 SET TIME_ZONE=@OLD_TIME_ZONE */;

/*!40101 SET SQL_MODE=@OLD_SQL_MODE */;
/*!40014 SET FOREIGN_KEY_CHECKS=@OLD_FOREIGN_KEY_CHECKS */;
/*!40014 SET UNIQUE_CHECKS=@OLD_UNIQUE_CHECKS */;
/*!40101 SET CHARACTER_SET_CLIENT=@OLD_CHARACTER_SET_CLIENT */;
/*!40101 SET CHARACTER_SET_RESULTS=@OLD_CHARACTER_SET_RESULTS */;
/*!40101 SET COLLATION_CONNECTION=@OLD_COLLATION_CONNECTION */;
/*!40111 SET SQL_NOTES=@OLD_SQL_NOTES */;

-- Dump completed on 2025-04-29 14:19:41
